Yasmine,129841
Keira,127143
Celeste,126729
Faceless,126070
Lars,125517
Aurora,123741
Astaroth,123405
Jhu,123290
Nebula,122471
Satori,122428
Heidi,122143
Dorian,121679
Jet,121577
Karkh,121304
Ziri,121060
Astridandlucas,120914
Sebastian,115877
Tristan,115244
Alvanor,114927
Martha,114739
Andvari,114176
Xesha,110091
Mushy,110053
Cleaver,109792
Iris,109639
Ginger,109627
Amira,109595
Fafnir,109377
Artemis,109356
Judge,109343
Helios,109270
Lilith,109239
Luther,109163
Lian,109154
Phobos,109150
Orion,109117
Mojo,109090
Jorgen,109070
Galahad,104363
Julius,104327
Isaac,104249
Cornelius,102035
Dante,101546
Markus,100653
Arachne,99895
Ishmael,99262
Kayla,99100
Kai,98369
Krista,98036
Morrigan,97510
Maya,96876
Chabba,95173
Aidan,94113
Octavia,94108
Cascade,90255
Daredevil,88881
Peppy,88245
Rufus,88118
Elmir,88101
Fox,87067
Corvus,86756
Thea,86136
Qingmao,86072
Darkstar,85927
Sigurd,151473
Angus,149815
Nova,143799
Moloch,141229
Iyari,131773
Hyperion,129339
Eden,128392
Araji,123685
Amon,115221
Mort,105656
Keros,92463
Solaris,90582
Avalon,83279
Mairi,83205
Ignis,83127
Vulcan,83100
Sylva,83004
